cluster,x,y
0,8.649654,-1.7626045
1,-14.62245,-6.484383
2,1.939173,4.3975825
3,9.175785,11.007868
4,-5.815343,-8.74008
5,-12.110516,0.9831479
6,12.0886345,3.8691795
