speaker,cluster,distance_to_central
60,6,2.4618037
196,6,2.101454
229,6,3.173132
374,6,3.5731432
405,6,2.4217896
446,6,4.4946017
458,6,3.0808656
460,6,2.2550728
831,6,1.8664141
909,6,1.306659
1034,6,4.1420255
1235,6,2.3877947
2289,6,3.5900369
2384,6,3.8740654
2436,6,2.9466047
4014,6,3.018008
4813,6,2.2585022
4830,6,4.312154
5390,6,4.5025606
6454,6,4.233483
6529,6,1.0341209
6563,6,0.85520554
7190,6,2.335558
8095,6,4.486108
8098,6,5.763826
8580,6,2.6262178
8747,6,2.9539714
